player_id,name,team,position,value,predicted_points,gw
741,Gray,Leeds,4,4.5,0.06954913510907393,11
738,Fabianski,West Ham,1,4.5,0.06954913510907393,11
672,Hato,Chelsea,2,4.7,0.10934441651555477,11
733,Lammens,Man Utd,1,5.0,3.243528675061628,11
4,Setford,Arsenal,1,4.0,0.06954913510907393,11
736,Donnarumma,Man City,1,5.7,6.131932615963466,11
737,Kusi-Asare,Fulham,4,4.5,0.2223570321757751,11
671,Wilson,West Ham,4,5.8,1.752981965696886,11
743,Emenalo,Chelsea,3,4.5,0.06954913510907393,11
59,Onana,Aston Villa,3,4.8,2.4572200739805408,11
734,Bakwa,Nott'm Forest,3,6.0,0.1390215358713965,11
61,Dendoncker,Aston Villa,3,4.5,0.06954913510907393,11
745,Byfield,Spurs,2,4.0,0.06954913510907393,11
1,Raya,Arsenal,1,5.9,3.2165183251351683,11
2,Arrizabalaga,Arsenal,1,4.2,0.06954913510907393,11
742,McAidoo,Man City,3,4.5,0.06954913510907393,11
744,Oriola,Brighton,3,4.5,0.2223570321757751,11
735,Traoré,Sunderland,3,5.5,2.912674339935109,11
3,Hein,Arsenal,1,4.0,0.06954913510907393,11
60,Broggio,Aston Villa,3,4.5,0.06954913510907393,11
740,Mfuni,Man City,2,4.0,0.06954913510907393,11
739,Mukasa,Man City,3,4.5,0.06954913510907393,11
43,Alex Moreno,Aston Villa,2,4.0,0.06954913510907393,11
732,Uche,Crystal Palace,4,5.5,0.29182943293809765,11
682,Møller Wolfe,Wolves,2,4.4,0.4074850232410898,11
697,Adli,Bournemouth,3,5.4,1.1659260071808204,11
31,G.Jesus,Arsenal,4,6.4,0.1390215358713965,11
698,Okafor,Leeds,3,5.5,2.522221682461394,11
48,Tielemans,Aston Villa,3,5.9,0.1390215358713965,11
30,Havertz,Arsenal,4,7.3,0.1237866953102252,11
699,Douglas Luiz,Nott'm Forest,3,5.0,1.70772176774421,11
29,Sambi,Arsenal,3,4.5,0.06954913510907393,11
681,Šeško,Man Utd,4,7.3,2.4090045252324557,11
700,Dowman,Arsenal,3,4.3,0.06954913510907393,11
28,Kabia,Arsenal,3,4.5,0.06954913510907393,11
32,Martinez,Aston Villa,1,5.0,2.607913464722635,11
701,Rowe,Aston Villa,2,4.0,0.06954913510907393,11
27,Nelson,Brentford,3,4.8,0.7635794936375898,11
702,Burrowes,Aston Villa,3,4.5,0.06954913510907393,11
26,Zubimendi,Arsenal,3,5.4,3.6505459244850944,11
50,Buendía,Aston Villa,3,5.3,1.057955297862923,11
680,Broja,Burnley,4,5.2,0.7703104386441844,11
703,Proctor,Aston Villa,1,4.0,0.06954913510907393,11
25,Nwaneri,Arsenal,3,5.2,1.0123066394757612,11
704,Onyango,Everton,3,4.5,0.06954913510907393,11
24,Nørgaard,Arsenal,3,5.2,0.8107760036914582,11
705,Campbell,Everton,2,3.9,0.06954913510907393,11
23,Fábio Vieira,Arsenal,3,5.4,0.13167467347700987,11
49,Bailey,Aston Villa,3,5.5,0.1390215358713965,11
696,Kalimuendo,Nott'm Forest,4,6.0,0.29182943293809765,11
33,M.Bizot,Aston Villa,1,4.3,0.06954913510907393,11
47,Rogers,Aston Villa,3,6.8,2.412181028933053,11
686,Ngumoha,Liverpool,3,4.5,0.7907102131129565,11
42,A.García,Aston Villa,2,3.9,0.06954913510907393,11
44,Bogarde,Aston Villa,2,4.0,0.06954913510907393,11
685,Diakité,Bournemouth,2,4.5,1.6849522874283225,11
687,Rees-Dottin,Bournemouth,3,4.4,0.06954913510907393,11
41,Pau,Aston Villa,2,4.3,1.5136199159263195,11
688,Wright,Aston Villa,1,4.0,0.06954913510907393,11
40,Mings,Aston Villa,2,4.4,0.7907102131129565,11
689,Seung soo,Newcastle,3,4.4,0.06954913510907393,11
45,Sousa,Aston Villa,2,3.9,0.06954913510907393,11
39,Maatsen,Aston Villa,2,4.3,0.7527839516785156,11
684,Thiaw,Newcastle,2,4.9,3.4676249015794056,11
690,Cardines,Crystal Palace,3,4.4,0.06954913510907393,11
38,Konsa,Aston Villa,2,4.4,2.028553708580796,11
691,Calvert-Lewin,Leeds,4,5.5,1.8817307153376817,11
37,Digne,Aston Villa,2,4.5,1.5479457243913484,11
692,Leoni,Liverpool,2,4.9,0.13167467347700987,11
46,Yasin,Aston Villa,2,4.0,0.06954913510907393,11
36,Cash,Aston Villa,2,4.6,2.0846313727014203,11
693,Hutchinson,Nott'm Forest,3,5.4,0.900084955082263,11
35,Marschall,Aston Villa,1,4.0,0.06954913510907393,11
683,Alderete,Sunderland,2,4.1,1.208063279408852,11
694,Mukiele,Sunderland,2,4.2,2.009000294724862,11
34,Gauci,Aston Villa,1,4.0,0.06954913510907393,11
695,Tchatchoua,Wolves,2,4.5,1.0394381435374405,11
51,Iling Jr,Aston Villa,3,5.5,0.1390215358713965,11
5,Gabriel,Arsenal,2,6.6,4.347662742518056,11
706,Justin,Leeds,2,4.0,1.3030285030394049,11
679,Hermansen,West Ham,1,4.4,0.06954913510907393,11
721,Milosavljević,Bournemouth,2,4.5,1.5752941696173326,11
12,Zinchenko,Nott'm Forest,2,4.9,0.9728190793773515,11
722,Florentino,Burnley,3,5.0,3.552089459850691,11
56,Barrenechea,Aston Villa,3,5.0,0.13167467347700987,11
11,White,Arsenal,2,5.3,0.13167467347700987,11
675,Gunn,Nott'm Forest,1,4.0,0.06954913510907393,11
723,Canvot,Crystal Palace,2,4.5,0.2223570321757751,11
724,Geertruida,Sunderland,2,4.5,1.6076336378432547,11
10,Lewis-Skelly,Arsenal,2,5.2,1.1151337241337032,11
725,Hincapie,Arsenal,2,5.4,1.5027971318796607,11
726,Kolo Muani,Spurs,4,6.9,2.9314528678658984,11
55,Barkley,Aston Villa,3,4.8,0.921828004390926,11
57,Dobbin,Aston Villa,3,5.0,0.13167467347700987,11
674,Ramsdale,Newcastle,1,4.8,0.10934441651555477,11
727,Chukwueze,Fulham,3,5.3,0.7703104386441844,11
8,J.Timber,Arsenal,2,6.1,3.7142614669887704,11
728,Röhl,Everton,3,5.0,1.2567423309005725,11
729,Cuiabano,Nott'm Forest,2,4.5,0.06954913510907393,11
7,Calafiori,Arsenal,2,5.8,1.9379322437032958,11
58,Kamara,Aston Villa,3,4.9,2.5520709463345193,11
730,Brobbey,Sunderland,4,5.5,1.3945464427492882,11
731,Kevin,Fulham,3,6.0,3.753354025252073,11
6,Saliba,Arsenal,2,6.0,2.9840711063159655,11
673,J.Palhinha,Spurs,3,5.5,3.1993857336283713,11
9,Kiwior,Arsenal,2,5.4,0.13167467347700987,11
720,Tolu,Wolves,4,5.5,1.1132508462124227,11
13,Clarke,Arsenal,2,3.9,0.06954913510907393,11
719,Lindelöf,Aston Villa,2,4.5,0.06954913510907393,11
707,Dibling,Everton,3,5.4,0.35911592650155555,11
21,Rice,Arsenal,3,6.8,3.9145302598920817,11
708,M.Fernandes,West Ham,3,5.5,1.5098924433801266,11
20,Trossard,Arsenal,3,6.9,2.7857261721921787,11
709,Krejčí,Wolves,2,4.5,4.037690773711732,11
52,J.Ramsey,Newcastle,3,5.3,0.9703229145163546,11
710,Patterson,Aston Villa,2,3.9,0.06954913510907393,11
19,Martinelli,Arsenal,3,6.8,1.9861934022846468,11
678,Masuaku,Sunderland,2,3.9,0.06954913510907393,11
18,Madueke,Arsenal,3,6.8,0.1390215358713965,11
712,Yeremy,Crystal Palace,3,5.8,2.256921022003299,11
17,Ødegaard,Arsenal,3,7.8,0.13822807398781775,11
53,Malen,Aston Villa,3,5.1,1.3627422225483665,11
713,A.Jimenez,Bournemouth,2,4.5,1.5516732658980708,11
714,Woltemade,Newcastle,4,7.5,4.1722431649772735,11
16,Saka,Arsenal,3,10.1,3.6766587084893305,11
677,Guessand,Aston Villa,3,6.3,2.2866356203585347,11
715,John,Nott'm Forest,1,4.0,0.06954913510907393,11
716,Savona,Nott'm Forest,2,4.5,1.7614981301606167,11
15,Nichols,Arsenal,2,3.9,0.06954913510907393,11
54,McGinn,Aston Villa,3,5.4,2.5547809251653013,11
717,Xavi,Spurs,3,6.7,3.8139181371446664,11
14,Kacurri,Arsenal,2,3.9,0.06954913510907393,11
718,S.Magassa,West Ham,3,5.0,0.746030798289113,11
676,Ugochukwu,Burnley,3,5.0,3.009016398850065,11
22,Merino,Arsenal,3,5.9,1.01633422597342,11
711,Harriman-Annous,Arsenal,3,4.5,0.06954913510907393,11
191,Estève,Burnley,2,4.0,2.472144767890319,11
670,Roefs,Sunderland,1,4.7,2.1723854639810893,11
282,Umeh,Crystal Palace,3,4.5,0.06954913510907393,11
486,Elanga,Newcastle,3,6.7,1.9413874975483794,11
283,Mateta,Crystal Palace,4,8.0,3.0381631853883544,11
284,Nketiah,Crystal Palace,4,5.4,1.1520162130486076,11
485,Gordon,Newcastle,3,7.4,1.7043545708397498,11
285,Édouard,Crystal Palace,4,5.0,0.13167467347700987,11
484,Targett,Newcastle,2,4.0,0.06954913510907393,11
286,Marsh,Crystal Palace,4,4.5,0.06954913510907393,11
483,Pivas,Newcastle,2,3.9,0.06954913510907393,11
287,Pickford,Everton,1,5.5,4.551928223290291,11
482,Ashby,Newcastle,2,3.9,0.06954913510907393,11
288,Travers,Everton,1,4.4,0.06954913510907393,11
481,A.Murphy,Newcastle,2,3.9,0.06954913510907393,11
289,Tyrer,Everton,1,3.9,0.06954913510907393,11
290,Branthwaite,Everton,2,5.3,0.13167467347700987,11
487,Barnes,Newcastle,3,6.3,1.3221326134646918,11
480,Lascelles,Newcastle,2,4.3,0.06954913510907393,11
281,Rodney,Crystal Palace,3,4.5,0.06954913510907393,11
280,Ozoh,Crystal Palace,3,4.5,0.06954913510907393,11
272,Lerma,Crystal Palace,3,4.9,1.3087329752601817,11
495,Hayden,Newcastle,3,4.5,0.06954913510907393,11
273,Wharton,Crystal Palace,3,5.0,1.986875221765364,11
494,Willock,Newcastle,3,5.0,0.13167467347700987,11
274,Agbinone,Crystal Palace,3,4.4,0.06954913510907393,11
493,Longstaff,Leeds,3,4.9,1.5742473817658769,11
275,Ahamada,Crystal Palace,3,4.4,0.06954913510907393,11
492,Antoñito C.,Newcastle,3,4.9,0.13167467347700987,11
276,Devenny,Crystal Palace,3,4.3,0.6342630316738851,11
491,Tonali,Newcastle,3,5.4,1.7962534800728873,11
277,Ebiowei,Crystal Palace,3,4.5,0.06954913510907393,11
278,J.Rak-Sakyi,Crystal Palace,3,4.4,0.06954913510907393,11
490,Joelinton,Newcastle,3,5.9,2.7444883180529875,11
279,M.França,Crystal Palace,3,4.5,0.06954913510907393,11
489,J.Murphy,Newcastle,3,6.1,2.507212439555076,11
488,Bruno G.,Newcastle,3,6.6,2.6808102382136134,11
271,Kamada,Crystal Palace,3,5.0,1.930734158508544,11
291,Tarkowski,Everton,2,5.4,3.6406352914195277,11
292,Mykolenko,Everton,2,4.9,3.4676249015794056,11
303,Garner,Everton,3,5.0,3.243528675061628,11
469,Pope,Newcastle,1,5.2,2.214228515209851,11
304,Iroegbunam,Everton,3,4.9,1.130745366380021,11
468,Wheatley,Man Utd,4,4.5,0.06954913510907393,11
305,Armstrong,Everton,3,4.5,0.06954913510907393,11
467,Obi,Man Utd,4,4.3,0.06954913510907393,11
306,Bates,Everton,3,4.4,0.06954913510907393,11
466,Zirkzee,Man Utd,4,5.8,0.5627002196044373,11
307,Ebere,Everton,3,4.4,0.06954913510907393,11
308,Heath,Everton,3,4.5,0.06954913510907393,11
465,Højlund,Man Utd,4,6.3,0.1390215358713965,11
309,Metcalfe,Everton,3,4.5,0.06954913510907393,11
464,Moorhouse,Man Utd,3,4.5,0.06954913510907393,11
310,Barry,Everton,4,5.7,1.3972753603815258,11
463,Kone,Man Utd,3,4.4,0.06954913510907393,11
470,Dúbravka,Burnley,1,4.0,2.7280877735666813,11
479,Krafth,Newcastle,2,4.3,0.6096802512555933,11
302,Gana,Everton,3,5.4,3.393838957524081,11
471,Gillespie,Newcastle,1,4.0,0.06954913510907393,11
478,Trippier,Newcastle,2,5.0,2.0950537024182037,11
293,O'Brien,Everton,2,4.9,2.7414644645490713,11
477,Livramento,Newcastle,2,4.9,0.13167467347700987,11
294,Coleman,Everton,2,4.3,0.06954913510907393,11
476,Burn,Newcastle,2,5.2,1.5968234854241137,11
295,Keane,Everton,2,4.5,3.386331348574761,11
296,Patterson,Everton,2,4.4,0.06954913510907393,11
475,Botman,Newcastle,2,4.9,2.023207047941593,11
297,Dixon,Everton,2,3.9,0.06954913510907393,11
474,Schär,Newcastle,2,5.4,1.127338738623473,11
298,Welch,Everton,2,3.9,0.06954913510907393,11
473,Hall,Newcastle,2,5.2,0.13167467347700987,11
299,Ndiaye,Everton,3,6.5,3.5758572252183702,11
472,Odysseas,Newcastle,1,4.0,0.06954913510907393,11
300,McNeil,Everton,3,5.6,1.601039416835248,11
301,Alcaraz,Everton,3,5.2,1.127338738623473,11
311,Beto,Everton,4,5.2,2.1023148385942827,11
496,Kuol,Newcastle,3,4.4,0.06954913510907393,11
497,L.Miley,Newcastle,3,4.4,1.629057222339223,11
521,Sangaré,Nott'm Forest,3,4.9,1.326171392751773,11
241,Caicedo,Chelsea,3,6.0,2.9840711063159655,11
242,Dewsbury-Hall,Everton,3,4.9,2.3887197545762415,11
520,O'Brien,Nott'm Forest,3,5.0,0.13167467347700987,11
243,George,Chelsea,3,4.9,0.4696105616090257,11
519,Dominguez,Nott'm Forest,3,5.0,0.4696105616090257,11
244,Lavia,Chelsea,3,4.9,1.3291270598709979,11
518,Jota,Nott'm Forest,3,5.4,0.13167467347700987,11
245,Mudryk,Chelsea,3,5.0,0.13167467347700987,11
517,Anderson,Nott'm Forest,3,5.3,2.2401260458890606,11
246,Andrey Santos,Chelsea,3,4.5,0.746934279920651,11
516,Hudson-Odoi,Nott'm Forest,3,5.8,2.334063886981524,11
247,D.Essugo,Chelsea,3,4.3,0.06954913510907393,11
248,Paez,Chelsea,3,4.5,0.06954913510907393,11
515,Gibbs-White,Nott'm Forest,3,7.3,1.9018125492917608,11
240,Nkunku,Chelsea,3,5.9,0.1390215358713965,11
249,João Pedro,Chelsea,4,7.4,2.3602509554200783,11
522,Yates,Nott'm Forest,3,4.7,1.5076314172523315,11
523,Da Silva Moreira,Nott'm Forest,3,4.5,0.06954913510907393,11
530,Nna Noukeu,Sunderland,1,3.9,0.06954913510907393,11
231,M.Sarr,Chelsea,2,4.5,0.06954913510907393,11
529,Moore,Sunderland,1,3.9,0.06954913510907393,11
232,Tosin,Chelsea,2,4.3,0.7527839516785156,11
528,Patterson,Sunderland,1,4.3,0.06954913510907393,11
233,Acheampong,Chelsea,2,3.9,1.151859464186357,11
527,Awoniyi,Nott'm Forest,4,5.2,1.3390215653711501,11
234,Anselmino,Chelsea,2,4.0,0.06954913510907393,11
526,Igor Jesus,Nott'm Forest,4,5.8,1.9101487065956753,11
235,Palmer,Chelsea,3,10.3,0.13822807398781775,11
236,Neto,Chelsea,3,7.1,4.685150055403649,11
525,Wood,Nott'm Forest,4,7.2,0.991713540016655,11
237,Enzo,Chelsea,3,6.7,2.064375449504307,11
524,Stamenic,Nott'm Forest,3,4.5,0.06954913510907393,11
238,Estêvão,Chelsea,3,6.5,1.1085675873479663,11
239,Gittens,Chelsea,3,6.1,1.7297753254746144,11
270,Hughes,Crystal Palace,3,4.8,0.7989499850837481,11
514,Boly,Nott'm Forest,2,3.9,0.06954913510907393,11
513,Abbott,Nott'm Forest,2,3.9,0.06954913510907393,11
504,Turner,Nott'm Forest,1,4.0,0.06954913510907393,11
262,Chadi Riad,Crystal Palace,2,4.0,0.06954913510907393,11
503,C.Miguel,Nott'm Forest,1,4.0,0.06954913510907393,11
263,Clyne,Crystal Palace,2,3.9,0.06954913510907393,11
502,Sels,Nott'm Forest,1,4.8,2.4274491784007295,11
264,Holding,Crystal Palace,2,4.0,0.06954913510907393,11
501,Neave,Newcastle,4,4.4,0.06954913510907393,11
265,Kporha,Crystal Palace,2,4.0,0.06954913510907393,11
266,Eze,Arsenal,3,7.6,3.918323573535576,11
500,Osula,Newcastle,4,5.5,0.8945204057549775,11
267,Sarr,Crystal Palace,3,6.7,3.58741315474488,11
499,Isak,Liverpool,4,10.4,1.6630627282853283,11
268,Doucouré,Crystal Palace,3,4.9,0.13167467347700987,11
498,White,Newcastle,3,4.5,0.06954913510907393,11
269,Esse,Crystal Palace,3,4.7,0.10934441651555477,11
261,Richards,Crystal Palace,2,4.5,2.499916059759217,11
250,Delap,Chelsea,4,6.2,0.1390215358713965,11
505,Milenković,Nott'm Forest,2,5.2,2.717675821687267,11
259,Sosa,Crystal Palace,2,4.8,0.262152313582256,11
251,N.Jackson,Chelsea,4,6.5,0.1390215358713965,11
512,O.Richards,Nott'm Forest,2,4.5,0.06954913510907393,11
252,Marc Guiu,Chelsea,4,4.2,1.4992092636223273,11
511,Morato,Nott'm Forest,2,4.4,1.3229295857048806,11
253,Henderson,Crystal Palace,1,5.0,2.754932667506024,11
254,Benitez,Crystal Palace,1,4.0,0.06954913510907393,11
510,Jair Cunha,Nott'm Forest,2,4.3,0.06954913510907393,11
255,Matthews,Crystal Palace,1,4.0,0.06954913510907393,11
509,David Carmo,Nott'm Forest,2,4.5,0.06954913510907393,11
256,Muñoz,Crystal Palace,2,5.7,3.9808114307002893,11
508,N.Williams,Nott'm Forest,2,4.7,3.816815188176297,11
257,Lacroix,Crystal Palace,2,5.0,3.373678126340467,11
507,Aina,Nott'm Forest,2,4.7,0.10934441651555477,11
258,Mitchell,Crystal Palace,2,5.0,2.754932667506024,11
506,Murillo,Nott'm Forest,2,5.3,1.800344353135915,11
260,Guéhi,Crystal Palace,2,5.1,3.8063375088131077,11
462,J.Fletcher,Man Utd,3,4.4,0.06954913510907393,11
312,Y.Chermiti,Everton,4,4.9,0.13167467347700987,11
461,Fitzgerald,Man Utd,3,4.4,0.06954913510907393,11
746,Morrison,Liverpool,3,4.5,0.06954913510907393,11
417,Cherki,Man City,3,6.3,1.3897748768894906,11
366,A.Becker,Liverpool,1,5.4,0.13167467347700987,11
416,Bernardo,Man City,3,6.3,2.6537365504563915,11
367,Mamardashvili,Liverpool,1,4.3,1.8058164282184253,11
368,Pécsi,Liverpool,1,3.9,0.06954913510907393,11
415,Savinho,Man City,3,6.9,2.310975252192786,11
369,Woodman,Liverpool,1,3.9,0.06954913510907393,11
414,Foden,Man City,3,8.0,2.1402782062920354,11
370,Frimpong,Liverpool,2,5.8,0.4769574240034123,11
413,Marmoush,Man City,3,8.3,1.0419066111823587,11
371,Kerkez,Liverpool,2,5.7,1.902964298928643,11
412,Vitor Reis,Man City,2,5.0,0.13167467347700987,11
372,Robertson,Liverpool,2,5.8,2.146314353321492,11
411,O’Reilly,Man City,2,4.9,1.8783113217289729,11
365,Nmecha,Leeds,4,5.0,1.1435341149148424,11
373,Virgil,Liverpool,2,5.9,4.682152455874414,11
418,Doku,Man City,3,6.4,2.89073570095811,11
419,Grealish,Everton,3,6.8,1.9661852099249904,11
355,Greenwood,Leeds,3,4.9,0.13167467347700987,11
356,Gruev,Leeds,3,4.8,0.6397754206338283,11
425,Echeverri,Man City,3,5.4,0.13167467347700987,11
357,Ramazani,Leeds,3,4.9,0.13167467347700987,11
424,Bobb,Man City,3,5.3,1.2707526128629698,11
358,Tanaka,Leeds,3,4.8,2.377251177547453,11
423,N.Gonzalez,Man City,3,5.9,2.7405892851203917,11
359,Crew,Leeds,3,4.5,0.06954913510907393,11
422,Kovačić,Man City,3,5.9,0.5299184177325438,11
360,Gelhardt,Leeds,3,4.5,0.06954913510907393,11
421,Rodrigo,Man City,3,6.3,0.3672883969651322,11
361,Gyabi,Leeds,3,4.5,0.06954913510907393,11
362,Piroe,Leeds,4,5.0,0.98802699912069,11
420,Gündoğan,Man City,3,6.3,0.1390215358713965,11
363,Bamford,Leeds,4,4.9,0.13167467347700987,11
364,Mateo Joseph,Leeds,4,5.0,0.13167467347700987,11
426,McAtee,Nott'm Forest,3,5.1,0.13167467347700987,11
374,Konaté,Liverpool,2,5.4,3.3959262400871073,11
375,Bradley,Liverpool,2,5.0,2.111776656474405,11
386,Mac Allister,Liverpool,3,6.3,2.0244827059960904,11
400,Ortega Moreno,Man City,1,4.8,0.10934441651555477,11
387,Szoboszlai,Liverpool,3,6.6,3.546116916824413,11
399,Ederson M.,Man City,1,5.3,0.13167467347700987,11
388,C.Jones,Liverpool,3,5.4,1.3390215653711501,11
398,Danns,Liverpool,4,4.4,0.06954913510907393,11
389,Elliott,Aston Villa,3,5.4,0.13167467347700987,11
397,Darwin,Liverpool,4,6.5,0.1390215358713965,11
390,Gravenberch,Liverpool,3,5.6,2.3242416861988766,11
396,Nyoni,Liverpool,3,4.3,0.06954913510907393,11
391,Gannon-Doak,Bournemouth,3,4.9,1.130745366380021,11
392,Endo,Liverpool,3,4.9,0.13167467347700987,11
395,Morton,Liverpool,3,4.5,0.06954913510907393,11
393,Bajcetic,Liverpool,3,4.3,0.06954913510907393,11
394,McConnell,Liverpool,3,4.4,0.06954913510907393,11
385,Chiesa,Liverpool,3,6.4,1.1085675873479663,11
410,Lewis,Man City,2,4.8,0.4472803046475706,11
401,Bettinelli,Man City,1,4.0,0.06954913510907393,11
402,Aït-Nouri,Man City,2,5.8,0.29182943293809765,11
409,Stones,Man City,2,5.5,1.3354379516793757,11
376,Gomez,Liverpool,2,4.9,0.4696105616090257,11
408,Rúben,Man City,2,5.5,5.8715942155224035,11
377,Tsimikas,Liverpool,2,4.8,0.10934441651555477,11
407,Matheus N.,Man City,2,5.3,2.2341102097190775,11
378,Nallo,Liverpool,2,3.8,0.06954913510907393,11
406,Khusanov,Man City,2,5.4,0.13167467347700987,11
379,R.Williams,Liverpool,2,3.8,0.06954913510907393,11
380,Ramsay,Liverpool,2,3.8,0.06954913510907393,11
405,Aké,Man City,2,5.3,1.2021577021331764,11
381,M.Salah,Liverpool,3,14.2,4.305842402862719,11
404,Akanji,Man City,2,5.4,0.13167467347700987,11
382,Wirtz,Liverpool,3,8.0,1.3168042316409667,11
403,Gvardiol,Man City,2,5.8,2.1466353759814414,11
383,Luis Díaz,Liverpool,3,8.0,0.13822807398781775,11
384,Gakpo,Liverpool,3,7.6,2.3804641811061877,11
354,Ampadu,Leeds,3,4.9,2.816701838462411,11
427,Reijnders,Man City,3,5.5,2.8704576610808883,11
353,James,Leeds,3,5.3,1.2215340587191417,11
452,Amad,Man Utd,3,6.3,2.4160081376448397,11
324,Iwobi,Fulham,3,6.5,4.347216943546445,11
451,Rashford,Man Utd,3,7.0,0.1390215358713965,11
325,Smith Rowe,Fulham,3,5.6,1.414760867226348,11
326,Adama,Fulham,3,5.2,1.173792482376898,11
450,Cunha,Man Utd,3,7.9,2.040657988520431,11
327,Andreas,Fulham,3,5.3,0.13167467347700987,11
449,B.Fernandes,Man Utd,3,8.9,4.157560662233943,11
328,Sessegnon,Fulham,3,5.4,2.4014021181404224,11
448,Malacia,Man Utd,2,3.9,0.06954913510907393,11
329,Wilson,Fulham,3,5.2,1.7997682771726586,11
447,Heaven,Man Utd,2,3.8,0.9228136892585334,11
330,Berge,Fulham,3,4.9,2.713979249229633,11
446,Fredricson,Man Utd,2,3.9,0.06954913510907393,11
331,Cairney,Fulham,3,4.9,1.2292112622657012,11
323,Amissah,Fulham,2,3.9,0.06954913510907393,11
332,Lukić,Fulham,3,5.0,1.181304495798776,11
453,Garnacho,Chelsea,3,6.4,2.3808671029491335,11
454,Antony,Man Utd,3,5.9,0.1390215358713965,11
313,Sherif,Everton,4,4.4,0.06954913510907393,11
314,Leno,Fulham,1,5.0,3.552089459850691,11
460,Collyer,Man Utd,3,4.5,0.06954913510907393,11
315,Benda,Fulham,1,4.0,0.06954913510907393,11
459,Ugarte,Man Utd,3,4.8,1.0020984009510825,11
316,Robinson,Fulham,2,4.9,0.13167467347700987,11
458,Mainoo,Man Utd,3,4.7,0.7967720924050146,11
317,Andersen,Fulham,2,4.5,2.0834753679639904,11
457,Casemiro,Man Utd,3,5.5,4.8281881116976395,11
318,Bassey,Fulham,2,4.5,1.7481644857726724,11
456,Sancho,Aston Villa,3,5.8,1.7067086633158675,11
319,Castagne,Fulham,2,4.4,1.2413046754850445,11
320,Diop,Fulham,2,4.4,1.8161734735818607,11
455,Mount,Man Utd,3,5.9,2.2031158244848412,11
321,J.Cuenca,Fulham,2,4.4,0.932477145738382,11
322,Tete,Fulham,2,4.5,1.797322454106791,11
445,Amass,Man Utd,2,4.0,0.06954913510907393,11
333,Godo,Fulham,3,4.5,0.06954913510907393,11
444,Yoro,Man Utd,2,4.4,1.1267961897515932,11
345,Bornauw,Leeds,2,3.9,0.06954913510907393,11
434,Heaton,Man Utd,1,3.9,0.06954913510907393,11
346,Byram,Leeds,2,3.9,0.06954913510907393,11
433,Harrison,Man Utd,1,4.0,0.06954913510907393,11
347,Gudmundsson,Leeds,2,4.0,0.7665107978858475,11
432,Onana,Man Utd,1,4.9,0.13167467347700987,11
348,Rodon,Leeds,2,4.1,2.2901191794028195,11
431,Bayindir,Man Utd,1,4.8,0.10934441651555477,11
349,Schmidt,Leeds,2,4.0,0.06954913510907393,11
350,Aaronson,Leeds,3,5.4,1.4729431594454654,11
430,Haaland,Man City,4,14.8,5.9012441501024915,11
351,Gnonto,Leeds,3,5.2,0.13167467347700987,11
429,Phillips,Man City,3,4.8,0.10934441651555477,11
352,Harrison,Leeds,3,5.2,1.6220112074272786,11
428,Nypan,Man City,3,5.0,0.13167467347700987,11
435,Mee,Man Utd,1,3.9,0.06954913510907393,11
344,Bijol,Leeds,2,3.9,1.0691537746865063,11
343,Struijk,Leeds,2,4.4,1.3229295857048806,11
436,De Ligt,Man Utd,2,5.0,3.787654861655508,11
334,Harris,Fulham,3,4.5,0.06954913510907393,11
443,Shaw,Man Utd,2,4.5,1.5479457243913484,11
335,King,Fulham,3,4.5,2.5222437809495957,11
442,Maguire,Man Utd,2,4.4,1.3479295989924638,11
336,Reed,Fulham,3,4.4,0.06954913510907393,11
441,Dorgu,Man Utd,2,4.3,0.9305822479152958,11
337,Raúl,Fulham,4,6.2,3.2145346834351427,11
230,Fofana,Chelsea,2,4.4,1.204613939831619,11
338,Muniz,Fulham,4,5.4,1.0123066394757612,11
339,Meslier,Leeds,1,4.3,0.06954913510907393,11
439,D.Leon,Man Utd,2,4.3,0.06954913510907393,11
340,Cairns,Leeds,1,4.0,0.06954913510907393,11
438,Mazraoui,Man Utd,2,4.9,0.7791595468051072,11
341,Darlow,Leeds,1,4.0,1.6695685022733275,11
437,Martinez,Man Utd,2,4.8,0.10934441651555477,11
342,Bogle,Leeds,2,4.5,3.2168931351135184,11
440,Dalot,Man Utd,2,4.4,0.8136375403721318,11
229,B.Badiashile,Chelsea,2,4.4,0.06954913510907393,11
531,Ballard,Sunderland,2,4.6,2.7454440950689687,11
228,Gusto,Chelsea,2,4.9,1.7186785645612075,11
115,Fredrick,Brentford,2,4.0,0.06954913510907393,11
116,Hickey,Brentford,2,4.0,0.06954913510907393,11
625,Füllkrug,West Ham,4,5.6,0.1390215358713965,11
117,Ji-soo,Brentford,2,3.9,0.06954913510907393,11
624,Bowen,West Ham,4,7.7,2.069261423390012,11
118,Meghoma,Brentford,2,4.0,0.06954913510907393,11
623,Potts,West Ham,3,4.4,1.4731023149199491,11
119,Mbeumo,Man Utd,3,8.4,5.812416650415819,11
622,Orford,West Ham,3,4.4,0.06954913510907393,11
120,Schade,Brentford,3,7.0,2.3581029277373906,11
621,Irving,West Ham,3,4.4,1.2492430901739702,11
121,Damsgaard,Brentford,3,5.8,2.1534017967648125,11
122,Milambo,Brentford,3,5.3,0.13167467347700987,11
620,Earthy,West Ham,3,4.5,0.06954913510907393,11
123,Carvalho,Brentford,3,4.9,0.4696105616090257,11
626,Marshall,West Ham,4,4.4,0.7587939874804711,11
619,L.Guilherme,West Ham,3,4.9,0.13167467347700987,11
114,Arthur,Brentford,2,3.9,0.06954913510907393,11
113,Van den Berg,Brentford,2,4.5,2.8050509886832655,11
105,Valdimarsson,Brentford,1,3.9,0.06954913510907393,11
634,Mosquera,Wolves,2,4.3,0.6096802512555933,11
106,Collins,Brentford,2,4.9,2.6467172604991727,11
633,H.Bueno,Wolves,2,4.4,3.281700595054449,11
107,Lewis-Potter,Brentford,2,4.9,0.9678145692153716,11
632,Doherty,Wolves,2,4.4,1.170388878963299,11
108,Ajer,Brentford,2,4.4,2.028553708580796,11
631,Agbadou,Wolves,2,4.3,0.7125470840265062,11
109,Henry,Brentford,2,4.3,0.2223570321757751,11
110,Kayode,Brentford,2,4.5,2.2748142887926703,11
630,King,Everton,1,3.9,0.06954913510907393,11
111,Pinnock,Brentford,2,4.3,0.06954913510907393,11
629,Bentley,Wolves,1,4.0,0.06954913510907393,11
112,Roerslev,Brentford,2,4.5,0.06954913510907393,11
628,José Sá,Wolves,1,4.3,0.06954913510907393,11
627,Johnstone,Wolves,1,4.5,3.21635032578127,11
635,R.Gomes,Wolves,2,4.5,1.7016482576063319,11
124,Henderson,Brentford,3,5.0,2.6493218847543614,11
125,Janelt,Brentford,3,4.9,1.549624671101373,11
136,Thiago,Brentford,4,6.2,2.7090150021811064,11
608,Scarles,West Ham,2,4.4,1.0829538171337294,11
137,Morgan,Brentford,4,4.4,0.06954913510907393,11
607,N.Aguerd,West Ham,2,4.4,0.06954913510907393,11
138,Steele,Brighton,1,4.3,0.06954913510907393,11
606,Mavropanos,West Ham,2,4.4,0.7334843242593548,11
139,Verbruggen,Brighton,1,4.4,2.411585992316693,11
140,McGill,Brighton,1,4.0,0.06954913510907393,11
605,Kilman,West Ham,2,4.3,1.8984369809610389,11
141,Rushworth,Brighton,1,4.0,0.06954913510907393,11
604,Emerson,West Ham,2,4.4,0.06954913510907393,11
142,Scherpen,Brighton,1,4.0,0.06954913510907393,11
603,Diouf,West Ham,2,4.3,0.708347570777062,11
143,Boscagli,Brighton,2,4.3,0.06954913510907393,11
602,Hegyi,West Ham,1,3.9,0.06954913510907393,11
609,Todibo,West Ham,2,4.3,1.8984369809610389,11
618,G.Rodriguez,West Ham,3,4.8,0.7635794936375898,11
135,Wissa,Newcastle,4,7.3,0.1237866953102252,11
134,Trevitt,Brentford,3,4.5,0.06954913510907393,11
617,Cornet,West Ham,3,4.9,0.13167467347700987,11
126,Jensen,Brentford,3,4.9,1.1394695134865518,11
616,Álvarez,West Ham,3,4.9,0.13167467347700987,11
127,Nunes,Brentford,3,4.9,0.13167467347700987,11
128,Onyeka,Brentford,3,4.9,0.28448257054371107,11
615,Summerville,West Ham,3,5.5,3.0913505522684877,11
129,Yarmoliuk,Brentford,3,5.0,1.9972927749888478,11
614,Ward-Prowse,West Ham,3,5.7,0.1390215358713965,11
130,Donovan,Brentford,3,4.5,0.06954913510907393,11
613,Souček,West Ham,3,5.7,1.7454881790979342,11
131,Konak,Brentford,3,4.4,0.06954913510907393,11
612,L.Paquetá,West Ham,3,5.9,4.788969723423332,11
132,Maghoma,Brentford,3,4.5,0.06954913510907393,11
611,Casey,West Ham,2,4.0,0.06954913510907393,11
133,Peart-Harris,Brentford,3,4.4,0.06954913510907393,11
610,Wan-Bissaka,West Ham,2,4.3,0.9037146148989805,11
104,Eyestone,Brentford,1,4.0,0.06954913510907393,11
103,Cox,Brentford,1,4.0,0.06954913510907393,11
636,S.Bueno,Wolves,2,4.4,2.302397839780766,11
73,Smith,Bournemouth,2,4.4,0.06954913510907393,11
74,Truffert,Bournemouth,2,4.5,2.8050509886832655,11
660,Stach,Leeds,3,4.9,1.3944403452599534,11
75,Akinmboni,Bournemouth,2,3.9,0.06954913510907393,11
659,Walker-Peters,West Ham,2,4.3,1.0173123192964388,11
76,Bevan,Bournemouth,2,3.9,0.06954913510907393,11
658,Fraser,Wolves,4,4.4,0.06954913510907393,11
77,Hill,Bournemouth,2,4.0,0.9607399506929744,11
657,Chiwome,Wolves,4,4.4,0.06954913510907393,11
78,J.Araujo,Bournemouth,2,3.9,0.06954913510907393,11
656,Kalajdžić,Wolves,4,4.9,0.13167467347700987,11
79,Mepham,Bournemouth,2,4.0,0.06954913510907393,11
80,Soler,Bournemouth,2,4.0,0.06954913510907393,11
655,Fábio Silva,Wolves,4,4.9,0.13167467347700987,11
81,Kluivert,Bournemouth,3,7.0,2.3160747500914654,11
661,Ekitiké,Liverpool,4,8.6,1.8980480495380736,11
654,Strand Larsen,Wolves,4,6.3,2.39382235355169,11
72,Senesi,Bournemouth,2,5.0,2.648901606096249,11
71,Zabarnyi,Bournemouth,2,5.0,0.13167467347700987,11
63,Young,Aston Villa,3,4.4,0.06954913510907393,11
669,Ndoye,Nott'm Forest,3,5.7,2.306232920437122,11
64,Watkins,Aston Villa,4,8.5,1.5658915189478562,11
668,Xhaka,Sunderland,3,5.1,4.35877410249071,11
65,Redmond,Aston Villa,4,4.5,0.06954913510907393,11
667,Aznou,Everton,2,4.3,0.06954913510907393,11
66,Neto,Bournemouth,1,4.5,0.06954913510907393,11
666,Gyökeres,Arsenal,4,8.9,3.783653872959143,11
67,Petrović,Bournemouth,1,4.5,2.8050509886832655,11
68,Dennis,Bournemouth,1,4.0,0.06954913510907393,11
665,Perri,Leeds,1,4.5,1.7227714950462478,11
69,McKenna,Bournemouth,1,4.0,0.06954913510907393,11
664,Lecomte,Fulham,1,4.0,0.06954913510907393,11
70,Paulsen,Bournemouth,1,4.0,0.06954913510907393,11
663,J.Arias,Wolves,3,5.1,1.7674640841264182,11
662,Mosquera,Arsenal,2,5.4,0.900084955082263,11
82,Semenyo,Bournemouth,3,8.1,2.994409000292696,11
653,Hodge,Wolves,3,4.5,0.06954913510907393,11
83,O.Dango,Brentford,3,6.0,1.3754455260987795,11
643,André,Wolves,3,5.3,2.0876794837109864,11
95,Silcott-Duberry,Bournemouth,3,4.4,0.06954913510907393,11
642,Hee Chan,Wolves,3,5.8,0.8958661090177527,11
96,Winterburn,Bournemouth,3,4.5,0.06954913510907393,11
641,Pond,Wolves,2,3.9,0.06954913510907393,11
97,Evanilson,Bournemouth,4,7.0,1.1050513620518583,11
98,Enes Ünal,Bournemouth,4,5.4,0.28448257054371107,11
640,Pedro Lima,Wolves,2,4.0,0.06954913510907393,11
99,Adu-Adjei,Bournemouth,4,4.4,0.06954913510907393,11
639,Meupiyou,Wolves,2,4.0,0.06954913510907393,11
100,Kroupi.Jr,Bournemouth,4,4.6,1.2924221520605228,11
638,Hoever,Wolves,2,3.9,1.61266702153273,11
101,Kelleher,Brentford,1,4.5,3.7633737100250997,11
637,Toti,Wolves,2,4.3,0.6096802512555933,11
102,Balcombe,Brentford,1,4.0,0.06954913510907393,11
94,Sadi,Bournemouth,3,4.5,0.06954913510907393,11
644,Bellegarde,Wolves,3,5.2,2.119536877956698,11
93,H.Traorè,Bournemouth,3,4.5,0.06954913510907393,11
645,Fer López,Wolves,3,5.2,0.7703104386441844,11
652,Gonzalez,Wolves,3,4.4,0.06954913510907393,11
84,Tavernier,Bournemouth,3,5.5,2.929477543704347,11
651,Edozie,Wolves,3,4.4,0.06954913510907393,11
85,Adams,Bournemouth,3,5.0,3.3813224034824576,11
86,Brooks,Bournemouth,3,5.0,1.1576220073258927,11
650,Chirewa,Wolves,3,4.4,0.06954913510907393,11
87,Christie,Bournemouth,3,5.0,0.924803674457397,11
144,Coppola,Brighton,2,4.3,0.2223570321757751,11
649,B.Traore,Wolves,3,5.0,0.13167467347700987,11
648,Munetsi,Wolves,3,5.4,2.154099633508272,11
89,Philip,Bournemouth,3,4.9,0.13167467347700987,11
647,Guedes,Wolves,3,5.5,0.1390215358713965,11
90,Scott,Bournemouth,3,5.0,2.47930910176949,11
646,Gomes,Wolves,3,5.3,3.372998806245786,11
91,Sinisterra,Bournemouth,3,5.0,0.13167467347700987,11
92,Faivre,Bournemouth,3,4.5,0.06954913510907393,11
88,Cook,Bournemouth,3,4.9,1.386292339505513,11
62,Jimoh-Aloba,Aston Villa,3,4.5,0.06954913510907393,11
601,Foderingham,West Ham,1,4.0,0.06954913510907393,11
146,Dunk,Brighton,2,4.5,3.5070544444313043,11
199,Worrall,Burnley,2,3.9,0.06954913510907393,11
200,Anthony,Burnley,3,5.7,2.648686779561249,11
555,Browne,Sunderland,3,4.5,0.06954913510907393,11
201,Benson,Burnley,3,5.4,0.13167467347700987,11
554,Ba,Sunderland,3,4.3,0.06954913510907393,11
202,Bruun Larsen,Burnley,3,5.3,2.0113583973038587,11
553,Talbi,Sunderland,3,5.0,0.972227811807687,11
203,Boateng,Burnley,3,4.8,0.10934441651555477,11
552,Sadiki,Sunderland,3,5.0,3.1001923225304058,11
204,Churlinov,Burnley,3,4.9,0.13167467347700987,11
551,Rigg,Sunderland,3,4.8,0.9230984206308019,11
205,Cullen,Burnley,3,5.0,2.5882997745662557,11
206,Edwards,Burnley,3,4.7,0.5330231002485954,11
550,Poveda,Sunderland,3,4.8,0.10934441651555477,11
207,Hannibal,Burnley,3,4.8,0.8955109031233838,11
556,Ekwah,Sunderland,3,4.5,0.06954913510907393,11
549,Neil,Sunderland,3,4.8,0.262152313582256,11
198,Tuanzebe,Burnley,2,3.9,2.7280877735666813,11
197,Sonne,Burnley,2,3.9,0.06954913510907393,11
565,Vicario,Spurs,1,5.1,3.0010570528103497,11
189,Dodgson,Burnley,2,4.0,0.06954913510907393,11
564,Rusyn,Sunderland,4,4.4,0.06954913510907393,11
190,Ekdal,Burnley,2,4.0,0.2223570321757751,11
563,Luís Hemir,Sunderland,4,4.4,0.06954913510907393,11
562,Abdullahi,Sunderland,4,4.3,0.06954913510907393,11
192,Hartman,Burnley,2,4.0,2.2901191794028195,11
561,Mayenda,Sunderland,4,5.4,0.7703104386441844,11
193,Humphreys,Burnley,2,4.0,0.06954913510907393,11
194,Jordan,Burnley,2,4.0,0.06954913510907393,11
560,Isidor,Sunderland,4,5.6,2.6458031127951513,11
195,Lucas Pires,Burnley,2,3.9,0.06954913510907393,11
559,Triantis,Sunderland,3,4.4,0.06954913510907393,11
196,Sambo,Burnley,2,4.0,0.06954913510907393,11
558,Matete,Sunderland,3,4.4,0.06954913510907393,11
557,H.Jones,Sunderland,3,4.4,0.06954913510907393,11
188,Delcroix,Burnley,2,3.9,0.06954913510907393,11
208,Koleosho,Burnley,3,5.0,0.13167467347700987,11
209,Laurent,Burnley,3,4.9,1.571479698768188,11
220,Sánchez,Chelsea,1,4.8,2.586466054756307,11
538,Johnson,Sunderland,2,3.9,0.06954913510907393,11
221,Jörgensen,Chelsea,1,4.4,0.06954913510907393,11
537,Huggins,Sunderland,2,4.0,0.06954913510907393,11
222,Penders,Chelsea,1,4.0,0.06954913510907393,11
536,Hjelde,Sunderland,2,4.0,0.06954913510907393,11
223,Slonina,Chelsea,1,3.9,0.06954913510907393,11
224,Cucurella,Chelsea,2,6.1,3.3893999991809127,11
535,Cirkin,Sunderland,2,4.0,0.06954913510907393,11
225,James,Chelsea,2,5.5,2.5702974952334228,11
534,Anderson,Sunderland,2,3.9,0.06954913510907393,11
226,Chalobah,Chelsea,2,5.1,3.5949999160622843,11
533,Alese,Sunderland,2,4.0,0.06954913510907393,11
227,Colwill,Chelsea,2,4.8,0.10934441651555477,11
532,Hume,Sunderland,2,4.5,2.6753080326153014,11
539,O'Nien,Sunderland,2,4.0,0.06954913510907393,11
548,Mundle,Sunderland,3,4.9,0.13167467347700987,11
219,Obafemi,Burnley,4,4.4,0.06954913510907393,11
218,Barnes,Burnley,4,4.3,0.4074850232410898,11
547,E.Le Fée,Sunderland,3,4.9,2.988112202464283,11
210,Tchaouna,Burnley,3,4.9,1.1729664491082497,11
546,Aleksić,Sunderland,3,4.9,0.13167467347700987,11
211,A.Ramsey,Burnley,3,4.4,0.06954913510907393,11
212,Adewumi,Burnley,3,4.5,0.06954913510907393,11
545,Roberts,Sunderland,3,5.4,0.13167467347700987,11
213,Banel,Burnley,3,4.5,0.06954913510907393,11
544,Diarra,Sunderland,3,5.3,0.13167467347700987,11
214,Trésor,Burnley,3,4.4,0.06954913510907393,11
543,Adingra,Sunderland,3,5.1,0.13167467347700987,11
215,Flemming,Burnley,4,5.3,2.172507945714173,11
542,Seelt,Sunderland,2,4.0,0.06954913510907393,11
216,Amdouni,Burnley,4,4.8,0.10934441651555477,11
541,Reinildo,Sunderland,2,4.0,1.0587362214630225,11
217,Foster,Burnley,4,5.0,0.8976194599835912,11
540,Pembele,Sunderland,2,3.9,0.06954913510907393,11
187,Walker,Burnley,2,4.4,1.9411458151078123,11
566,Austin,Spurs,1,3.9,0.06954913510907393,11
186,Roberts,Burnley,2,4.4,0.06954913510907393,11
591,Gray,Spurs,3,4.8,0.10934441651555477,11
157,Mitoma,Brighton,3,6.2,0.1390215358713965,11
158,Georginio,Brighton,3,5.7,1.670822468012405,11
590,Bryan,Spurs,3,4.9,0.13167467347700987,11
159,March,Brighton,3,5.8,0.1390215358713965,11
589,Solomon,Spurs,3,5.4,0.13167467347700987,11
160,Minteh,Brighton,3,6.0,2.742313422455196,11
588,Odobert,Spurs,3,5.3,1.4294190843320187,11
161,Enciso,Brighton,3,5.4,0.13167467347700987,11
587,Bissouma,Spurs,3,5.2,0.13167467347700987,11
162,Gruda,Brighton,3,5.4,0.13167467347700987,11
586,Bergvall,Spurs,3,5.4,1.1132508462124227,11
163,Hinshelwood,Brighton,3,5.1,0.13167467347700987,11
164,O'Riley,Brighton,3,5.5,0.1390215358713965,11
585,Bentancur,Spurs,3,5.3,3.3401491994696624,11
156,Tasker,Brighton,2,3.9,0.06954913510907393,11
165,Sima,Brighton,3,5.4,0.13167467347700987,11
592,Moore,Spurs,3,5.0,0.13167467347700987,11
593,P.M.Sarr,Spurs,3,4.9,1.92428130520763,11
600,Areola,West Ham,1,4.3,2.079660559418395,11
147,Estupiñan,Brighton,2,4.5,0.06954913510907393,11
599,Scarlett,Spurs,4,4.3,0.06954913510907393,11
148,F.Kadıoğlu,Brighton,2,4.4,2.302397839780766,11
598,Lankshear,Spurs,4,4.5,0.06954913510907393,11
149,Igor,West Ham,2,4.5,0.4074850232410898,11
597,Richarlison,Spurs,4,6.4,3.3270642666120813,11
150,Lamptey,Brighton,2,4.4,0.06954913510907393,11
596,Solanke,Spurs,4,7.2,0.1237866953102252,11
151,Van Hecke,Brighton,2,4.4,2.348872519668477,11
152,Veltman,Brighton,2,4.3,0.06954913510907393,11
595,Olusesi,Spurs,3,4.4,0.06954913510907393,11
153,Webster,Brighton,2,4.4,0.06954913510907393,11
594,Min-hyeok,Spurs,3,4.5,0.06954913510907393,11
154,Cashin,Brighton,2,4.0,0.06954913510907393,11
155,Slater,Brighton,2,4.0,0.06954913510907393,11
584,Tel,Spurs,3,6.3,2.9568897373219767,11
166,Ayari,Brighton,3,4.9,1.4926285243970612,11
583,Kulusevski,Spurs,3,6.4,0.1390215358713965,11
178,Welbeck,Brighton,4,6.5,2.9591650848872266,11
573,Spence,Spurs,2,4.5,3.585606706304852,11
179,Ferguson,Brighton,4,5.5,0.1390215358713965,11
572,Dragusin,Spurs,2,4.5,0.06954913510907393,11
180,Tzimas,Brighton,4,5.3,2.0042851545165474,11
571,Davies,Spurs,2,4.3,0.06954913510907393,11
181,Kostoulas,Brighton,4,4.8,0.8685761673001132,11
182,Trafford,Man City,1,4.7,0.10934441651555477,11
570,Danso,Spurs,2,4.3,1.2047508956605897,11
183,Weiss,Burnley,1,4.4,0.06954913510907393,11
569,Romero,Spurs,2,5.0,1.0130994790173236,11
184,Green,Burnley,1,4.0,0.06954913510907393,11
568,Pedro Porro,Spurs,2,5.5,2.471768241054621,11
185,Hladký,Burnley,1,4.0,0.06954913510907393,11
567,Kinsky,Spurs,1,3.9,0.06954913510907393,11
574,Udogie,Spurs,2,4.4,0.7907102131129565,11
177,Moran,Brighton,3,4.5,0.06954913510907393,11
575,Van de Ven,Spurs,2,4.8,2.0434174772270053,11
176,Mazilu,Brighton,3,4.5,0.06954913510907393,11
167,Baleba,Brighton,3,4.7,0.7984777834683022,11
582,Kudus,Spurs,3,6.6,3.78518522201945,11
168,Buonanotte,Chelsea,3,4.7,0.10934441651555477,11
581,Maddison,Spurs,3,6.9,0.1390215358713965,11
169,Gomez,Brighton,3,4.9,1.9606828201539799,11
170,Milner,Brighton,3,5.0,0.924803674457397,11
580,Johnson,Spurs,3,6.7,2.9736075954230685,11
145,De Cuyper,Brighton,2,4.3,1.2943709933473395,11
171,Sarmiento,Brighton,3,4.9,0.13167467347700987,11
172,Watson,Brighton,3,4.9,1.2392201706412145,11
578,Vuskovic,Spurs,2,3.9,0.06954913510907393,11
173,Wieffer,Brighton,3,4.9,2.2097939640208724,11
577,Takai,Spurs,2,4.0,0.06954913510907393,11
174,Yalcouye,Brighton,3,5.0,0.13167467347700987,11
576,Phillips,Spurs,2,4.0,0.06954913510907393,11
175,Knight,Brighton,3,4.5,0.2223570321757751,11
579,Son,Spurs,3,8.5,0.13822807398781775,11
747,Mayers,West Ham,2,4.0,0.06954913510907393,11
